frame,gt_width,width_640,width_error_640,width_960,width_error_960,gt_left_x,gt_right_x,left_640_x,right_640_x,left_960_x,right_960_x,conf_640,conf_960
605,696.9506352817893,630.91455,66.03608450053935,661.99646,34.954175320851846,252.99990328379755,949.950538565587,288.004,918.9186,285.60764,947.60406,0.830606997013092,0.5332659482955933
606,700.4086609013718,633.2731,67.13558961230933,661.8342,38.57443238574683,249.9995834636781,950.40824436505,287.54837,920.8215,286.93634,948.77057,0.8272944092750549,0.5421196818351746
607,703.2210130189125,632.5914,70.62964339000621,646.07446,57.14655012828746,248.70444733061933,951.9254603495318,288.638,921.2294,307.6484,953.7229,0.8251542448997498,0.5115412473678589
608,703.5183652357687,632.8165,70.70183691545617,663.7281,39.79027685686242,247.41682614622036,950.9351913819891,288.5845,921.401,285.31677,949.04486,0.8251436352729797,0.4886808693408966
609,702.9977533080249,634.24756,68.75019471427493,665.14307,37.854686901774926,248.40163803770938,951.3993913457343,287.94357,922.1911,285.56827,950.7113,0.8223069906234741,0.5300580859184265
610,701.5443215002176,636.07434,65.46998067990512,666.14233,35.40198751584262,251.38953052467224,952.9338520248898,287.57776,923.6521,285.53366,951.67596,0.8273026943206787,0.5527392029762268
611,702.8210402211571,636.3889,66.43212420553209,666.7397,36.08135516256334,249.11359259864764,951.9346328198047,287.69202,924.08093,284.91467,951.65436,0.8223234415054321,0.5091491341590881
612,703.8176259033495,637.52966,66.287962817412,667.3168,36.500853442411994,248.11327939194098,951.9309052952905,286.3586,923.8883,284.18335,951.5001,0.8162939548492432,0.5029487013816833
613,708.505570041639,639.32825,69.17732297132648,668.3678,40.137772190076475,246.41478081866697,954.9203508603059,285.10574,924.434,283.89444,952.2622,0.8145675659179688,0.5521751046180725
614,709.7911948058583,640.19,69.601192364452,669.3889,40.402278790233254,246.12279275506572,955.9139875609239,284.2796,924.4696,283.47964,952.8686,0.8097106218338013,0.5548297166824341
615,711.0428539481985,641.61914,69.42371332319851,672.83093,38.21192133101101,244.41914357652595,955.4619975247244,284.4657,926.08484,282.22385,955.0548,0.8078938126564026,0.5506742596626282
616,716.4666905828384,644.8969,71.56977896174465,673.69403,42.772659821119646,241.4465576421425,957.9132482249809,283.01666,927.9136,281.7155,955.40955,0.8031332492828369,0.5644534230232239
617,716.6585167814505,643.6378,73.02069939863804,674.6433,42.015206234575544,240.716189084292,957.3747058657426,284.59915,928.237,281.34607,955.9894,0.8017507195472717,0.5573122501373291
618,716.7566354518054,644.8649,71.89170625258669,654.3529,62.40373017836794,243.14242851811932,959.8990639699248,284.12396,928.9889,305.36453,959.7174,0.8008924126625061,0.5141959190368652
619,719.7305921495513,645.41614,74.31445445423878,676.5229,43.207703965957535,240.71805356320812,960.4486457127593,283.68903,929.10516,279.1264,955.6493,0.7964205145835876,0.5143014192581177
620,723.4551671725046,645.62476,77.83041131312962,677.75934,45.695828793598366,239.00055071131501,962.4557178838196,283.7764,929.4011,278.12933,955.8887,0.7959678173065186,0.525940477848053
621,723.4564421970285,647.05176,76.40468438452854,677.7068,45.74965508765354,239.43009570398806,962.8865379010166,283.21494,930.26666,279.44522,957.15204,0.7950014472007751,0.5128880739212036
622,725.992698798097,647.08746,78.90523541919072,679.187,46.80568707934697,237.44964295871605,963.442341756813,282.93726,930.0247,277.6293,956.81635,0.790051281452179,0.5082203149795532
623,729.6067843566817,647.33234,82.27444793090046,680.9657,48.641086114494215,236.27053183896962,965.8773161956514,283.45526,930.7876,276.83328,957.79895,0.7889270782470703,0.49654620885849
624,732.6837014786527,649.77637,82.90733429115267,681.3177,51.366013490371415,234.19283683733687,966.8765383159896,281.37747,931.1538,276.13123,957.4489,0.7841016054153442,0.49274781346321106
625,739.533995804141,650.3098,89.224181351016,661.86566,77.66833418304725,229.4655027034571,968.9994985075981,281.57074,931.88055,301.7556,963.6213,0.7923030257225037,0.49278974533081055
626,735.4555675309252,651.01495,84.44061391764399,666.2681,69.18744008951899,232.54425123534688,967.9998187662721,281.13477,932.1497,299.4262,965.69434,0.7821409106254578,0.4711676239967346
627,737.8770867808937,652.9433,84.93378844104996,667.59607,70.2810174449562,228.99991419030687,966.8770009712006,280.93683,933.8801,298.55356,966.14966,0.777043879032135,0.4451555907726288
628,738.4331238118003,654.4457,83.98744510086283,652.4256,86.00752566726908,231.00055506508855,969.4336788768888,279.18488,933.63055,297.71167,950.13727,0.7748873233795166,0.438196063041687
629,742.5286480412506,654.4199,88.10872616625056,654.7053,87.82332577562556,228.4714902078742,971.0001382491248,280.31604,934.73596,297.0339,951.7392,0.7716324329376221,0.45952990651130676
630,744.4332683627619,655.5576,88.87565117526185,672.23035,72.20292168307435,224.99991910120787,969.4331874639697,279.34692,934.90454,297.07657,969.3069,0.7526914477348328,0.45694753527641296
631,745.9364956850561,656.9254,89.01108064599362,671.67487,74.26162996239987,226.48925980912313,972.4257554941793,278.56454,935.49,298.57056,970.2454,0.7555477023124695,0.4446563720703125
632,747.8564124507345,658.0274,89.82900766557827,671.7175,76.13888315385952,224.99991688302558,972.8563293337601,277.15253,935.17993,297.38785,969.1054,0.7516239285469055,0.449855774641037
633,743.9409288662814,656.85974,87.08118765534391,673.4749,70.46601431550016,227.4864922846088,971.4274211508903,278.89346,935.7532,297.63245,971.10736,0.753036618232727,0.4647744596004486
634,747.999577572844,685.0521,62.94745354940653,655.4043,92.59528069784403,224.0002393988452,971.9998169716893,264.34805,949.4002,299.60324,955.0075,0.7537228465080261,0.43350842595100403
635,751.8478682626801,685.7656,66.0822432626801,671.94763,79.9002364267426,221.99960075097314,973.8474690136533,263.35803,949.12366,300.45123,972.39886,0.7546161413192749,0.4232345223426819
636,755.2505226998602,687.5973,67.6532326607977,674.60364,80.6468850045477,219.7496128220926,975.0001355219528,262.1723,949.7696,298.1992,972.8028,0.7538170218467712,0.41050446033477783
637,758.6610128774082,689.0451,69.61590789693946,679.0277,79.63330291647071,218.75831035781766,977.4193232352259,260.81,949.8551,296.85965,975.8874,0.7573301792144775,0.40903541445732117
638,756.1594420808403,690.61224,65.54719842849659,681.32324,74.83619989334034,220.50199895960705,976.6614410404474,260.52612,951.13837,296.23547,977.5587,0.7510124444961548,0.4109184443950653
639,759.1545388374684,691.6227,67.53185817340591,682.90967,76.24487086871841,218.26244838554717,977.4169872230156,260.48685,952.10956,295.86148,978.7712,0.7441102862358093,0.3984350264072418
640,762.477771304207,693.1681,69.30968048389445,659.70447,102.77330353076945,217.52204074059847,979.9998120448054,258.87015,952.03827,297.8856,957.5901,0.7410382032394409,0.4073810577392578
641,760.0824298735788,693.19214,66.8902912017038,662.2564,97.82602118217255,217.75876642314412,977.841196296723,259.74136,952.93353,297.1814,959.4378,0.7363815307617188,0.35599634051322937
642,768.8949941710947,693.4424,75.45261135859471,663.3606,105.53439846796971,214.51521190130097,983.4102060723957,260.34253,953.7849,296.16275,959.5234,0.7252305150032043,0.37279012799263
643,775.861495544606,693.1555,82.70597796648099,661.33716,114.52433734148099,211.53906531187312,987.4005608564792,259.36475,952.52026,297.0635,958.4007,0.7236980199813843,0.3800380825996399
644,772.4504954393258,692.5195,79.93102522448203,661.8506,110.59990950182578,211.77118159771123,984.221677037037,260.87573,953.3952,298.77176,960.6224,0.7239030003547668,0.3582670986652374
645,778.2875984054634,694.2157,84.07190016327593,662.49207,115.79553297577593,209.31257902970518,987.6001774351686,260.0498,954.2655,297.73856,960.23065,0.7261277437210083,0.36546164751052856
646,780.7999994221806,693.4446,87.35541934405558,663.4247,117.37531680499308,207.000571214803,987.8005706369836,260.56073,954.0053,296.8765,960.30115,0.7182896733283997,0.38744258880615234
647,773.8503680109666,695.0068,78.84359310862283,665.40906,108.44131039377908,211.5514182394616,985.4017862504281,260.43573,955.4425,297.2205,962.6295,0.7132317423820496,0.3447582423686981
648,775.0727627184929,697.8225,77.25025295286787,664.1944,110.87836574583662,208.5606560417203,983.6334187602132,258.0322,955.8547,296.7229,960.9173,0.7181625366210938,0.3554152250289917
649,781.2231255493981,694.6546,86.56852349861686,668.89905,112.3240776978356,205.77700185220326,987.0001274016014,260.77838,955.433,293.2321,962.13116,0.7174521684646606,0.3657631576061249
650,783.2514297964631,695.7029,87.54854893708807,670.8441,112.40731358552557,206.5505168903772,989.8019466868403,261.01895,956.7218,295.16708,966.0112,0.7088745832443237,0.34837061166763306
651,790.8222352079174,698.0304,92.7918397001049,670.4436,120.3786316922924,200.57498978591494,991.3972249938323,258.71597,956.7464,295.63092,966.0745,0.6996353268623352,0.3591150939464569
652,791.4505624491212,698.90845,92.54211518349621,672.2096,119.24096772255871,203.00056981386638,994.4511322629876,258.55765,957.4661,296.3264,968.53595,0.6988329887390137,0.3079529106616974
653,792.8306900732786,699.8508,92.97985999515356,669.36926,123.46142737796606,204.55775555597188,997.3884456292504,258.5261,958.37695,296.2628,965.6321,0.6804271936416626,0.322635680437088
654,797.3840631212124,699.4542,97.92983948839992,670.4364,126.94766175402492,199.00057134290495,996.3846344641173,259.10245,958.55664,296.8049,967.24133,0.6810802221298218,0.32671013474464417
655,797.7940305184236,700.60486,97.1891721199861,671.2661,126.5279172371736,197.36130340750228,995.1553339259259,259.57736,960.1822,296.5175,967.78357,0.6745653748512268,0.3223477303981781
656,793.8165121147008,702.1086,91.70793057173205,674.2842,119.5323324272008,199.36505118566996,993.1815633003707,257.9839,960.09247,294.416,968.7002,0.6800622344017029,0.3240751326084137
657,797.7647353959101,701.4508,96.31392973184757,675.7335,122.03121488809757,198.0008915976801,995.7656269935902,258.29666,959.74744,294.22574,969.9593,0.6679889559745789,0.3039573132991791
658,799.1809682106116,701.712,97.46899311295533,674.7207,124.46026508561158,195.60066067813506,994.7816288887467,258.68542,960.3974,295.09262,969.8133,0.6687450408935547,0.3291374146938324
659,802.3825964932621,699.37573,103.0068640713871,674.88904,127.4935584073246,195.00057492537394,997.383171418636,260.83362,960.20935,296.2571,971.1461,0.6676219701766968,0.2770605683326721
660,804.7333604875632,589.8914,214.84194203053198,674.6571,130.07625599537573,191.8048948119598,996.538255299523,370.82672,960.71814,294.70676,969.3639,0.6532194018363953,0.3026472330093384
661,809.9526181740437,593.4164,216.53623633810616,696.84326,113.10935645529366,190.80372197467338,1000.7563401487171,369.26147,962.67786,295.76566,992.6089,0.6797330379486084,0.24609977006912231
662,811.9398218835565,593.3987,218.54114024293153,672.2495,139.69031016480653,189.799053773372,1001.7388756569285,369.20825,962.60693,298.91995,971.1695,0.6729562282562256,0.2721903920173645
663,817.3001581320696,596.20764,221.09251653050705,672.8661,144.43406926488205,185.80868207350517,1003.1088402055747,368.44815,964.65576,300.63736,973.5034,0.6635878682136536,0.2531660795211792
664,816.4777806274988,596.77185,219.70593004156126,671.2447,145.2330906860925,187.62869550305288,1004.1064761305516,368.5438,965.3157,300.28107,971.52576,0.6667820811271667,0.25093698501586914
665,822.7184124692237,597.3655,225.35293395359872,669.9873,152.73110778172372,184.00026219715855,1006.7186746663823,367.8071,965.17255,302.2661,972.2534,0.6682172417640686,0.2522612512111664
666,823.178496925268,599.63385,223.5446468276117,672.14246,151.03604087058045,182.8206598721249,1005.9991567973929,367.51904,967.1529,300.4416,972.58405,0.6751171946525574,0.2816341817378998
667,820.741924965522,600.2173,220.524639809272,668.4141,152.32780143036575,183.62647621947355,1004.3684011849955,367.52847,967.7458,300.97858,969.3927,0.6671777367591858,0.27697479724884033
668,826.0720040772964,600.9291,225.14292692885886,669.609,156.46299528823386,179.65100004471665,1005.723004122013,367.5258,968.4549,300.09122,969.7002,0.6623142957687378,0.2672000825405121
669,825.7084751110601,601.1195,224.58896827512262,667.9092,157.79929542356012,182.6513359997155,1008.3598111107757,367.19446,968.31396,300.52203,968.4312,0.6640486121177673,0.26046130061149597
670,829.5267530921822,603.3096,226.21718277968216,672.073,157.45375504530716,179.82783348129186,1009.3545865734741,366.46097,969.77057,299.992,972.065,0.6522502899169922,0.274180144071579
671,836.6921183791349,605.37463,231.31748459007235,668.3705,168.32163498069735,177.65599324865158,1014.3481116277865,366.1504,971.525,301.88315,970.25366,0.6571889519691467,0.3157818913459778
672,836.1775959753256,605.876,230.30161941282563,672.4436,163.73399245970063,177.82283741933603,1014.0004333946616,366.86523,972.7412,299.74643,972.19006,0.6596394181251526,0.3072453439235687
673,840.6532079569326,607.7876,232.86561030068265,672.33044,168.32276362099515,175.00058646812414,1015.6537944250568,365.74915,973.53674,303.2029,975.5334,0.6695938110351562,0.24467985332012177
674,841.3493752907304,609.06195,232.2874246071367,674.8097,166.53968290791795,172.99994646812414,1014.3493217588546,364.93762,973.9996,302.27496,977.08466,0.6517686247825623,0.26264065504074097
675,846.170115378903,609.5859,236.58423891405926,674.7782,171.3919171367155,172.8299946579192,1019.0001100368222,364.735,974.32086,299.2904,974.0686,0.6441442370414734,0.28576362133026123
676,846.999843078587,608.3379,238.661952453587,675.6929,171.306971984837,172.0002665672115,1019.0001096457985,366.26093,974.5988,300.1925,975.8854,0.6413712501525879,0.2482769787311554
677,858.4866251075274,610.8522,247.6344522559649,675.6079,182.8787149512774,163.84847893293775,1022.3351040404651,364.1957,975.0479,301.35107,976.959,0.6389706134796143,0.2519635558128357
678,853.4986398305971,611.2865,242.21214080715959,674.69604,178.80259490872209,168.8383217570793,1022.3369615876763,363.4662,974.7527,303.05618,977.75226,0.6344079971313477,0.21885232627391815
679,858.6625210608391,611.9844,246.67814606083914,676.43884,182.22367828740164,161.9996335194993,1020.6621545803384,363.73068,975.715,301.44077,977.87964,0.6291084885597229,0.1991303712129593
680,855.137141811563,615.31226,239.82488595218797,674.34235,180.79479562015672,167.53460294153126,1022.6717447530942,362.88602,978.19824,306.14777,980.4901,0.6335108876228333,0.19206616282463074
681,859.3028106976046,614.4872,244.81562808041713,675.30786,183.99494936947963,166.69633498001988,1025.9991456776245,364.49805,978.9852,305.67627,980.98413,0.620650589466095,0.17175006866455078
682,859.7722666416864,614.25165,245.52061869246768,674.13605,185.63621927840518,164.56033985156748,1024.332606493254,364.83948,979.0911,306.54254,980.6786,0.6243597865104675,0.20056770741939545
683,866.2844442233021,615.777,250.5074666842396,676.26245,190.0219930514271,162.68640591063502,1028.9708501339371,363.87344,979.6504,302.53326,978.7957,0.6190246939659119,0.21097548305988312
684,866.7618779452873,615.02386,251.73801319919357,676.2147,190.54715626559982,160.56796501805476,1027.3298429633421,364.83984,979.8637,303.48355,979.6983,0.6209100484848022,0.21784049272537231
685,869.247683807964,612.71765,256.5300324407765,680.6156,188.6320832220265,159.72316632597312,1028.9708501339371,366.54996,979.26764,303.18622,983.8018,0.6304323077201843,0.20232149958610535
686,874.1342074110073,614.3508,259.7833773328823,676.47034,197.6638704969448,156.86589527572204,1031.0001026867294,364.30518,978.656,305.08508,981.5554,0.6199647188186646,0.1795646846294403
687,876.2235908447517,616.44763,259.7759590088142,674.94763,201.2759590088142,154.7355328581034,1030.959123702855,363.95346,980.4011,306.07144,981.0191,0.6081910133361816,0.15734559297561646
688,882.3480716677097,618.82666,263.52141151145975,677.9912,204.35686073020975,151.60027850647566,1033.9483501741854,363.99655,982.82324,305.7975,983.7887,0.6138983964920044,0.15254101157188416
689,887.8606175016232,618.9247,268.9359348844357,679.0375,208.8231419156857,149.74840240333563,1037.6090199049588,364.05698,982.9817,304.12015,983.15765,0.6123920679092407,0.1932213306427002
690,890.8487306475512,621.3114,269.5373292803637,681.5999,209.24881609676993,146.76656801939987,1037.615298666951,362.9697,984.2811,301.28503,982.88495,0.6115047931671143,0.16943027079105377
691,895.8387663414156,620.7555,275.08327317735313,680.41736,215.42140794297813,144.76720328799055,1040.6059696294062,364.1627,984.9182,305.25113,985.6685,0.6107432246208191,0.15920032560825348
692,897.3369296624619,623.39685,273.9400790765244,682.1084,215.2285312249619,143.66252728925292,1040.9994569517148,363.2389,986.63574,301.99042,984.0988,0.6059141755104065,0.1772220879793167
693,904.4983276198438,622.22345,282.2748779128126,685.98474,218.51358640890635,139.10411044231097,1043.6024380621548,364.1452,986.36865,300.15982,986.1446,0.605022132396698,0.1969669610261917
694,900.6362851161704,623.33386,277.30242281148287,683.47314,217.16314058492037,140.6690030220403,1041.3052881382107,363.71112,987.045,301.67322,985.14636,0.6168531179428101,0.1787787675857544
695,903.5215911784371,626.15466,277.3669280924996,692.1039,211.41770934249962,138.7796892803088,1042.3012804587459,363.41605,989.57074,255.07205,947.17596,0.6030810475349426,0.20293228328227997
696,909.2073355146638,624.96765,284.2396841474763,690.9077,218.29962067091378,137.79275936535308,1047.0000948800168,364.69156,989.6592,299.16742,990.07513,0.6119387149810791,0.20055009424686432
697,905.4104549649519,623.95746,281.45299646885815,688.80597,216.60448572667065,138.88945021985387,1044.2999051848058,367.94995,991.9074,299.35114,988.1571,0.6080291867256165,0.17751485109329224
698,909.6101680724666,623.2296,286.38055381465415,689.7275,219.8826900451229,136.68557850621164,1046.2957465786783,368.38416,991.6138,297.5218,987.24927,0.6046178936958313,0.1702040582895279
699,914.1992486653056,624.05426,290.14498841139937,691.72437,222.47488343093062,133.8005237791389,1047.9997724444445,367.73224,991.7865,297.57706,989.30145,0.5923948287963867,0.15594874322414398
700,919.999482803825,624.77185,295.2276322178875,692.32184,227.67764442491875,132.00028929918543,1051.9997721030104,367.2841,992.05597,297.88696,990.2088,0.6007317304611206,0.13932152092456818
701,925.1814559855572,625.6885,299.49297942305725,689.9767,235.20477141524475,128.81895544271558,1054.0004114282729,368.2675,993.95593,299.13034,989.107,0.6117367744445801,0.18248996138572693
702,922.8500982213606,626.51953,296.33056697136055,690.3517,232.49841365104805,126.73970723541638,1049.589805456777,369.3134,995.83295,300.10495,990.4566,0.6128139495849609,0.15334825217723846
703,921.7672962937586,627.09265,294.6746449265711,690.0852,231.6820912156336,130.80758533629768,1052.5748816300563,368.8858,995.97845,255.01506,945.1003,0.614690363407135,0.13076816499233246
704,925.948823051822,627.6277,298.32113750494705,690.66473,235.2840891651033,124.91837565224182,1050.8671987040639,368.14606,995.77374,300.6731,991.3378,0.6015622615814209,0.13658593595027924
705,930.4397078341404,629.1061,301.33362873257795,690.38556,240.0541487521092,123.840470536799,1054.2801783709394,367.77142,996.8775,255.68727,946.0728,0.5961549282073975,0.13947299122810364
706,928.6382109011196,631.6678,296.9704252565883,689.62964,239.00857222924458,127.63896325359117,1056.2771741547108,365.91522,997.583,253.7272,943.3568,0.5970223546028137,0.17188768088817596
707,935.8998560930161,631.9784,303.92146253832857,689.7799,246.11994886645357,121.92345896277335,1057.8233150557894,367.22128,999.1997,255.3129,945.09283,0.5935632586479187,0.17392997443675995
708,943.8614289554816,632.79395,311.06748364298164,688.38007,255.4813630375129,117.13801610033494,1060.9994450558165,365.9421,998.736,255.20158,943.58167,0.5865345001220703,0.12981224060058594
709,949.593474705286,631.0907,318.5027764630985,677.27686,272.316619236536,113.93308428716696,1063.526558992453,368.788,999.87866,264.56445,941.8413,0.5964998006820679,0.1495182365179062
710,950.2032595911501,631.6334,318.5698367395876,677.50586,272.6974002161501,115.79586277941013,1065.9991223705601,368.58713,1000.2206,265.9409,943.4467,0.5829836130142212,0.1118910163640976
711,951.6361052658277,634.5238,317.1123015548902,682.12305,269.5130583908277,114.87054367958476,1066.5066489454125,367.00034,1001.5241,306.4999,988.6229,0.5671564340591431,0.1159970685839653
712,953.4638814008715,635.27203,318.19184770946526,677.9512,275.5127095258715,114.79618277941013,1068.2600641802817,367.4057,1002.67773,267.82544,945.7766,0.5593732595443726,0.12022599577903748
713,959.7321133006172,635.9723,323.75982326155474,676.9088,282.82329982405474,107.7870824437915,1067.5191957444088,368.1213,1004.09357,267.14572,944.0545,0.5740536451339722,0.12778271734714508
714,967.751687379784,636.61633,331.1353543719715,680.5812,287.1705106219715,104.00030521252417,1071.7519925923082,368.03976,1004.6561,263.11542,943.6966,0.5761055946350098,0.13527195155620575
715,966.5462892032764,636.4059,330.1404054142139,677.4703,289.07601332437014,104.95356969391409,1071.4998588971905,369.5823,1005.9882,262.9519,940.4222,0.5659456849098206,0.14327219128608704
716,973.8503897283076,636.06274,337.7876455876826,672.62897,301.22142244315137,102.90404089783239,1076.75443062614,371.1107,1007.17346,268.6471,941.27606,0.566168487071991,0.17221347987651825
717,969.0503339891197,637.18823,331.86210156724474,671.76013,297.29020215318224,104.95006363994092,1074.0003976290607,369.39688,1006.5851,268.51962,940.2798,0.5424204468727112,0.15040402114391327
718,975.0351192987903,637.6455,337.3896114862903,671.3996,303.6355221308215,101.96431745404905,1076.9994367528393,368.6495,1006.29504,268.6104,940.01,0.5390616655349731,0.21494106948375702
719,982.5047190396963,640.21924,342.2854807584463,673.9426,308.5620920865713,95.9705983604988,1078.475317400195,368.64767,1008.86694,266.5047,940.4473,0.5406572222709656,0.17002855241298676
720,983.7883819426474,638.95166,344.83672178639745,664.9166,318.87175596608495,96.90690871560739,1080.6952906582549,369.8373,1008.78894,275.5424,940.45905,0.528346836566925,0.17223002016544342
721,986.0372790054937,643.1222,342.9150866226812,662.2344,323.8029040054937,97.96247361431666,1083.9997526198104,367.8539,1010.9761,282.25552,944.48987,0.527258038520813,0.22996379435062408
722,987.3185664316054,642.2675,345.05104934176165,659.8688,327.4497920175429,95.91145829654218,1083.2300247281476,366.12494,1008.39246,280.86932,940.7381,0.523384690284729,0.20342102646827698
723,993.2731248881188,643.1684,350.10472889202504,656.69055,336.5825731303063,91.95116083538382,1085.2242857235026,367.97125,1011.13965,281.9288,938.6193,0.513136088848114,0.1374206244945526
724,993.1089901353671,644.4697,348.6392635728671,656.5382,336.5707821275546,92.89012071379278,1085.99911084916,367.7711,1012.2408,281.71964,938.2579,0.504882276058197,0.12671387195587158
725,1005.0332106184387,646.5471,358.4860914778137,654.0679,350.9653395246887,83.96622009971476,1088.9994307181535,366.04456,1012.5917,281.26013,935.328,0.4953523576259613,0.12224670499563217
726,1011.4391323219336,644.1588,367.2803188453711,659.7688,351.6703334938086,77.99967941006658,1089.4388117320002,368.77835,1012.93713,276.0466,935.81537,0.49026232957839966,0.11489264667034149
727,1005.0159074732285,642.3878,362.628090090416,681.56506,323.450843996666,84.98320160452526,1089.9991090777537,371.80112,1014.18896,309.8873,991.45233,0.4893375039100647,0.1222095787525177
728,1020.9991041212706,641.135,379.86409435564565,679.5585,341.44063244158315,75.00064176123172,1095.9997458825023,374.41144,1015.54645,309.89926,989.4577,0.4823569655418396,0.12337657064199448
729,1019.2024392147141,640.3953,378.80711450768285,680.1156,339.0868386287766,75.0058537325131,1094.2082929472272,376.8258,1017.2211,310.34335,990.459,0.4999575614929199,0.09763966500759125
730,1024.2106454383359,639.9022,384.30842375864836,682.4198,341.79084563364836,74.98887078294435,1099.1995162212802,377.69998,1017.6022,306.37985,988.7997,0.4948892295360565,0.1559513658285141
731,1025.1963496405358,640.2989,384.89746048037955,677.1041,348.0922236639733,75.00063999981175,1100.1969896403475,377.91876,1018.21765,307.2763,984.38043,0.4911300837993622,0.18413621187210083
732,1028.8042711732076,642.28217,386.5221056458638,664.4269,364.37739129039505,71.00064294645026,1099.8049141196577,376.85858,1019.14075,270.39352,934.8204,0.47643184661865234,0.17246048152446747
733,1031.2017639060173,644.0532,387.1485412497673,686.9502,344.2515685935173,69.00000531374602,1100.2017692197633,377.14905,1021.2023,300.41568,987.36584,0.4804070293903351,0.24688267707824707
734,1028.748978229927,641.5114,387.2375646557082,682.31866,346.4303136791457,71.03816131934624,1099.7871395492732,378.06,1019.5714,301.03522,983.3539,0.45029646158218384,0.2566467225551605
735,1045.1534256623538,646.1875,398.9659256623538,680.69824,364.4551834748538,62.03065844359053,1107.1840841059443,374.53433,1020.72186,300.52982,981.228,0.4428967535495758,0.2140192985534668
736,1044.343861568738,646.4717,397.872181881238,681.7747,362.56914233045677,61.02729519945949,1105.3711567681976,375.81104,1022.2827,298.90906,980.6838,0.4594581127166748,0.22325275838375092
737,1053.562917780289,648.0354,405.5275173896639,677.35077,376.21214873732015,56.9607912814031,1110.523709061692,375.9605,1023.9959,261.3827,938.73346,0.464505136013031,0.2817814350128174
738,1053.4258180994711,647.244,406.18179954478364,683.1504,370.27542747447114,56.10372361342708,1109.5295417128982,374.40665,1021.6507,299.1415,982.2919,0.4293662905693054,0.24088679254055023
739,1056.6147920528524,649.5136,407.10118121300866,684.1045,372.5102998653524,56.073917407386254,1112.6887094602387,373.58997,1023.1036,299.95596,984.0605,0.42020711302757263,0.2463281899690628
740,1063.9993977677261,650.82227,413.1771321427261,685.6956,378.3037800919449,53.0000160589394,1116.9994138266654,372.5021,1023.32434,299.71527,985.4109,0.4272944927215576,0.21013513207435608
741,1065.2190290027143,652.86456,412.354466014433,682.2749,382.94412665896425,49.950664554477655,1115.169693557192,371.52618,1024.3907,298.53464,980.8095,0.41443267464637756,0.2249603569507599
742,1071.42356233425,654.1859,417.23764924831244,686.9221,384.50144319362494,49.054911282614775,1120.4784736168647,372.09488,1026.2808,294.76328,981.68536,0.398719847202301,0.2673884630203247
743,1072.1155887466266,655.72363,416.3919559341266,687.2391,384.87651403959535,48.049800051312246,1120.165388797939,369.9587,1025.6824,292.80353,980.0426,0.38223984837532043,0.2683688700199127
744,1079.1011105468147,660.7081,418.39298066400215,687.9926,391.1084958007209,47.05233430309288,1126.1534448499076,368.4139,1029.1221,292.14905,980.14166,0.39573049545288086,0.21205797791481018
745,1086.0030407774134,662.1952,423.8078503477259,681.8738,404.1292614805384,40.14956427139766,1126.152605048811,368.42407,1030.6193,297.9175,979.79126,0.3824803829193115,0.1833980232477188
746,1080.2589823019496,660.9584,419.3006082785121,679.04395,401.2150369894496,42.06356025769117,1122.3225425596409,367.6476,1028.606,297.09363,976.1376,0.39013636112213135,0.1804572343826294
747,1093.1359177317918,664.2649,428.8710251536668,683.9144,409.2214890208543,35.16089330524369,1128.2968110370355,368.9171,1033.182,296.25082,980.1652,0.38885757327079773,0.22005267441272736
748,1090.0725712925046,667.20215,422.87042285500456,683.9329,406.1396489292233,38.069449370979434,1128.142020663484,367.15808,1034.3602,255.76122,939.69415,0.39429888129234314,0.17878030240535736
749,1091.071427659253,666.5093,424.562150315503,678.6725,412.3989423076905,39.06912937097944,1130.1405570302325,368.96225,1035.4716,260.29727,938.9697,0.4131234586238861,0.15540526807308197
750,1093.2082001374222,665.897,427.3112274811722,681.68115,411.5270477936722,37.220187303767844,1130.4283874411901,368.7683,1034.6653,261.5991,943.2803,0.38636767864227295,0.14574569463729858
751,1102.0777744039303,668.6795,433.3982700093991,680.03375,422.0440219625241,31.92259156247588,1134.0003659664062,367.29987,1035.9794,261.72314,941.7569,0.36320340633392334,0.12206777930259705
752,1103.5398973932206,672.4076,431.1323046197831,678.0753,425.4645800104081,31.000666567596575,1134.5405639608173,367.57736,1039.985,265.11203,943.1873,0.3521726131439209,0.12825284898281097
753,1110.1803845442123,673.6482,436.5321911848373,673.6323,436.5480603254623,26.087567858741085,1136.2679524029534,366.21182,1039.86,268.25888,941.89124,0.366303026676178,0.08840733021497726
754,1115.256893610087,674.0045,441.2523770085245,663.7055,451.55138823899324,24.00034952019201,1139.257243130279,367.71024,1041.7147,274.76172,938.4672,0.3795836567878723,0.05566166713833809
755,1118.2507794070955,672.90454,445.3462383914705,670.3252,447.9255840945955,23.00066882313597,1141.2514482302315,370.6398,1043.5443,269.8443,940.1695,0.36853736639022827,0.07897390425205231
756,1123.1475271554798,669.15967,453.9878591867298,673.0554,450.0921072336048,19.10176408991125,1142.249291245391,372.8114,1041.9711,266.19876,939.2542,0.3753001391887665,0.07681949436664581
