epoch,time,train/box_loss,train/pose_loss,train/kobj_loss,train/cls_loss,train/l1_loss,train/rle_loss,metrics/precision(B),metrics/recall(B),metrics/mAP50(B),metrics/mAP50-95(B),metrics/precision(P),metrics/recall(P),metrics/mAP50(P),metrics/mAP50-95(P),val/box_loss,val/pose_loss,val/kobj_loss,val/cls_loss,val/l1_loss,val/rle_loss,lr/pg0,lr/pg1,lr/pg2
1,139.514,1.16343,4.0399,0,0.88345,0.00809,14.8578,0.96643,0.99875,0.9938,0.77406,0.96643,0.99875,0.9938,0.52743,0.90907,1.96982,0,0.30142,0.00883,0,0.000663537,0.000663537,0.000663537
2,221.908,0.98835,1.89517,0,0.39512,0.0062,7.94588,0.98523,0.99377,0.99491,0.66112,0.98523,0.99377,0.99491,0.84037,1.29739,0.71829,0,0.46119,0.01424,0,0.00130387,0.00130387,0.00130387
3,306.184,0.95825,0.90694,0,0.36415,0.00614,5.49016,0.98383,0.98753,0.97881,0.65098,0.99627,0.99992,0.99499,0.88092,1.29744,0.45819,0,0.39715,0.01315,0,0.00191779,0.00191779,0.00191779
4,390.528,0.90173,0.52951,0,0.34096,0.00576,4.04761,0.98252,0.98628,0.97206,0.67936,0.99619,1,0.995,0.93642,1.16008,0.33807,0,0.32219,0.01182,0,0.0018812,0.0018812,0.0018812
5,469.934,0.92839,0.41882,0,0.37797,0.00606,3.37478,0.99376,0.99335,0.99391,0.73578,1,0.99959,0.995,0.96928,0.96598,0.22344,0,0.28883,0.00958,0,0.0018416,0.0018416,0.0018416
6,548.745,0.84181,0.36377,0,0.3756,0.00516,2.88147,0.99751,0.99968,0.99488,0.77219,0.99848,1,0.995,0.96798,0.84973,0.23135,0,0.27293,0.0078,0,0.001802,0.001802,0.001802
7,628.666,0.75868,0.30837,0,0.29277,0.00487,2.1545,0.99252,0.99225,0.99419,0.75601,1,0.99968,0.995,0.97437,0.95737,0.24051,0,0.27976,0.00847,0,0.0017624,0.0017624,0.0017624
8,708.704,0.76332,0.25613,0,0.31428,0.00478,1.72824,0.98586,0.99002,0.98702,0.74987,0.9961,1,0.995,0.95965,0.94507,0.25749,0,0.34743,0.00914,0,0.0017228,0.0017228,0.0017228
9,789.263,0.67187,0.20823,0,0.29056,0.00438,1.4199,0.99597,0.99875,0.99492,0.7885,0.99721,1,0.99499,0.9646,0.80501,0.19536,0,0.27265,0.00724,0,0.0016832,0.0016832,0.0016832
10,871.913,0.69753,0.17695,0,0.27703,0.00437,0.95078,0.99643,1,0.99499,0.78416,0.99751,0.99903,0.995,0.96947,0.84917,0.13243,0,0.27433,0.00799,0,0.0016436,0.0016436,0.0016436
11,956.022,0.69952,0.19365,0,0.28472,0.00421,0.76196,0.99856,0.99875,0.99499,0.76705,0.9998,1,0.995,0.97775,0.80542,0.13726,0,0.27195,0.00806,0,0.001604,0.001604,0.001604
12,1035.77,0.73194,0.17262,0,0.28696,0.00461,0.89627,0.99685,1,0.99499,0.85741,0.99685,1,0.99499,0.98847,0.67954,0.10329,0,0.20532,0.00672,0,0.0015644,0.0015644,0.0015644
13,1115.97,0.67112,0.1674,0,0.28739,0.00435,0.51494,0.99243,0.99377,0.99485,0.79568,0.99617,0.99751,0.99498,0.97672,0.90508,0.13062,0,0.30367,0.00877,0,0.0015248,0.0015248,0.0015248
14,1196.31,0.73249,0.15962,0,0.30973,0.00469,0.61885,0.9978,0.99875,0.995,0.7879,0.99931,1,0.995,0.97363,0.95736,0.12284,0,0.32466,0.00956,0,0.0014852,0.0014852,0.0014852
15,1277.46,0.67597,0.14641,0,0.30233,0.00433,0.62113,0.99965,1,0.995,0.84612,0.99965,1,0.995,0.97813,0.63292,0.11482,0,0.24584,0.00577,0,0.0014456,0.0014456,0.0014456
16,1360.01,0.67151,0.16627,0,0.29568,0.00421,0.72861,0.99499,1,0.99499,0.81122,0.99499,1,0.99499,0.96862,0.77029,0.16444,0,0.36327,0.00718,0,0.001406,0.001406,0.001406
17,1442.98,0.67316,0.15629,0,0.30578,0.00428,0.65007,0.99096,0.99626,0.99259,0.79947,0.99468,1,0.99499,0.97303,0.72233,0.13828,0,0.25374,0.00652,0,0.0013664,0.0013664,0.0013664
18,1529.02,0.64231,0.17284,0,0.2933,0.00396,0.73151,0.97677,0.996,0.99135,0.81418,0.98641,0.99581,0.99481,0.9673,0.69696,0.16908,0,0.28005,0.00647,0,0.0013268,0.0013268,0.0013268
19,1610.76,0.62274,0.13487,0,0.26858,0.00392,0.45801,0.98758,0.99626,0.99486,0.81035,0.99011,0.99872,0.99494,0.97812,0.74958,0.12541,0,0.29319,0.00686,0,0.0012872,0.0012872,0.0012872
20,1691.55,0.67057,0.12355,0,0.27761,0.00438,0.60262,0.98434,0.9407,0.98759,0.82398,0.99348,0.94943,0.99332,0.9695,0.76142,0.17287,0,0.33307,0.00691,0,0.0012476,0.0012476,0.0012476
21,1771.01,0.67965,0.134,0,0.28226,0.00431,0.3796,0.99974,0.99875,0.995,0.79283,1,0.99989,0.995,0.97483,0.96716,0.1214,0,0.35209,0.00809,0,0.001208,0.001208,0.001208
22,1854.95,0.74705,0.11471,0,0.31557,0.00485,0.37785,0.98563,0.99626,0.99194,0.8157,0.99749,0.99247,0.99496,0.97004,0.80919,0.17805,0,0.39371,0.00734,0,0.0011684,0.0011684,0.0011684
23,1937.38,0.68421,0.11806,0,0.27566,0.0045,0.51659,0.98091,0.9609,0.99165,0.82869,0.99613,0.96168,0.99421,0.97281,0.7696,0.16943,0,0.40463,0.00708,0,0.0011288,0.0011288,0.0011288
24,2016.53,0.7276,0.09174,0,0.28126,0.00459,0.2769,0.98884,0.99451,0.99486,0.79889,0.99375,0.99092,0.99496,0.96915,0.79272,0.14048,0,0.36122,0.00762,0,0.0010892,0.0010892,0.0010892
25,2096.6,0.75092,0.10394,0,0.29134,0.00489,0.23675,0.99238,0.98753,0.99423,0.79908,0.99489,0.99002,0.99496,0.9595,0.97068,0.18038,0,0.35459,0.00925,0,0.0010496,0.0010496,0.0010496
26,2175.51,0.68234,0.11975,0,0.28339,0.00416,0.24764,0.98853,0.99377,0.99486,0.8724,0.98977,0.99501,0.99492,0.98774,0.69576,0.1294,0,0.28063,0.00626,0,0.00101,0.00101,0.00101
27,2254.08,0.59722,0.10452,0,0.26528,0.00379,0.27355,0.98845,0.99127,0.99027,0.82256,0.99719,1,0.995,0.96936,0.69996,0.16475,0,0.37516,0.00632,0,0.0009704,0.0009704,0.0009704
28,2333.14,0.57047,0.09473,0,0.23968,0.00358,0.14868,0.99539,0.99377,0.995,0.84826,0.99501,0.99377,0.995,0.98197,0.66781,0.12547,0,0.27063,0.00631,0,0.0009308,0.0009308,0.0009308
29,2412.12,0.65825,0.10453,0,0.26112,0.00413,0.15169,0.99739,0.99626,0.99491,0.86542,0.99864,0.99751,0.995,0.98078,0.63757,0.12832,0,0.25138,0.00562,0,0.0008912,0.0008912,0.0008912
30,2493.42,0.64267,0.09194,0,0.26782,0.00412,0.20631,0.99314,0.99501,0.99292,0.80408,0.99732,1,0.995,0.97411,0.7344,0.16595,0,0.31621,0.00665,0,0.0008516,0.0008516,0.0008516
31,2572.7,0.59222,0.09507,0,0.26006,0.0039,0.36226,0.99502,0.99741,0.99395,0.84238,0.99627,0.99865,0.99499,0.97596,0.67459,0.14145,0,0.30009,0.0061,0,0.000812,0.000812,0.000812
32,2652.09,0.52443,0.08422,0,0.22254,0.00322,0.12393,0.99817,1,0.995,0.89512,0.99817,1,0.995,0.98756,0.58793,0.09797,0,0.23928,0.00522,0,0.0007724,0.0007724,0.0007724
33,2731.33,0.60533,0.08801,0,0.23944,0.00382,0.14454,0.9973,0.99875,0.99495,0.86108,0.99855,1,0.995,0.9839,0.65761,0.13311,0,0.26634,0.00612,0,0.0007328,0.0007328,0.0007328
34,2809.93,0.55573,0.09638,0,0.24605,0.00353,0.20676,0.99495,0.99377,0.99461,0.85817,0.99995,0.99875,0.995,0.97563,0.62279,0.16064,0,0.33108,0.00565,0,0.0006932,0.0006932,0.0006932
35,2889.13,0.54197,0.08346,0,0.22052,0.00342,0.11773,0.99503,0.99501,0.9931,0.84663,0.99877,0.99875,0.995,0.97217,0.62757,0.14724,0,0.26657,0.00565,0,0.0006536,0.0006536,0.0006536
36,2968.81,0.49524,0.06996,0,0.20263,0.00309,0.07771,0.99256,0.9986,0.99473,0.86369,0.99875,0.9992,0.995,0.9791,0.64401,0.13756,0,0.29292,0.00572,0,0.000614,0.000614,0.000614
37,3048.23,0.52031,0.08053,0,0.20834,0.00308,0.04706,0.99536,0.99626,0.99487,0.86792,1,0.99933,0.995,0.98391,0.63329,0.10055,0,0.23657,0.00556,0,0.0005744,0.0005744,0.0005744
38,3127.58,0.52601,0.07871,0,0.21724,0.00324,0.0613,0.99356,0.99501,0.99339,0.85407,0.99865,1,0.995,0.97388,0.58517,0.11339,0,0.22495,0.00515,0,0.0005348,0.0005348,0.0005348
39,3206.11,0.54258,0.06938,0,0.21279,0.00334,0.05036,0.98915,0.99501,0.99414,0.87435,0.99411,1,0.99499,0.97834,0.64057,0.14651,0,0.25555,0.00569,0,0.0004952,0.0004952,0.0004952
40,3286.05,0.53585,0.08038,0,0.20439,0.00322,0.09141,0.99324,0.99751,0.99459,0.86712,0.99572,1,0.995,0.97386,0.6345,0.14806,0,0.2749,0.0057,0,0.0004556,0.0004556,0.0004556
41,3358.49,0.43352,0.03946,0,0.16209,0.00307,0.09278,0.98364,0.98628,0.98485,0.83941,0.99732,1,0.99499,0.9607,0.67853,0.16089,0,0.28034,0.00597,0,0.000416,0.000416,0.000416
42,3431.08,0.41211,0.0394,0,0.15938,0.00303,0.06543,0.98856,0.99127,0.98754,0.83487,0.99726,1,0.995,0.96101,0.63424,0.16129,0,0.27811,0.00571,0,0.0003764,0.0003764,0.0003764
43,3504.08,0.38804,0.03121,0,0.14224,0.00279,0.02752,0.98357,0.98878,0.99143,0.84238,0.99475,1,0.99497,0.96555,0.68636,0.16532,0,0.26806,0.00606,0,0.0003368,0.0003368,0.0003368
44,3576.46,0.38322,0.03295,0,0.16432,0.00285,0.02718,0.98816,0.99127,0.98974,0.85655,0.99756,0.99875,0.995,0.96648,0.63406,0.14429,0,0.2645,0.00559,0,0.0002972,0.0002972,0.0002972
45,3648.94,0.34901,0.03041,0,0.13573,0.00251,0.02924,0.99013,0.99127,0.99109,0.85961,0.99889,1,0.995,0.96642,0.67719,0.1502,0,0.27399,0.00601,0,0.0002576,0.0002576,0.0002576
46,3721.83,0.33547,0.03754,0,0.14572,0.00237,0.03482,0.98756,0.98965,0.99253,0.87147,0.99751,0.99962,0.995,0.96968,0.62535,0.14574,0,0.25206,0.0056,0,0.000218,0.000218,0.000218
47,3794.18,0.33074,0.0253,0,0.12191,0.0023,0.00271,0.99129,0.99348,0.99274,0.86801,0.99751,0.9997,0.99496,0.9691,0.61524,0.15071,0,0.25889,0.00541,0,0.0001784,0.0001784,0.0001784
48,3866.82,0.32615,0.02566,0,0.11591,0.00226,0.00865,0.98994,0.99252,0.99303,0.87538,0.99741,1,0.99496,0.97034,0.60725,0.14657,0,0.25542,0.00532,0,0.0001388,0.0001388,0.0001388
49,3939.8,0.3193,0.02375,0,0.11379,0.00225,0.00717,0.98389,0.98984,0.99131,0.86704,0.99476,1,0.99495,0.96908,0.62194,0.15118,0,0.27024,0.00541,0,9.92e-05,9.92e-05,9.92e-05
50,4012.31,0.3072,0.02555,0,0.10976,0.00215,0.01464,0.98278,0.99127,0.99163,0.8612,0.99143,1,0.99494,0.96778,0.63489,0.15241,0,0.2755,0.00554,0,5.96e-05,5.96e-05,5.96e-05
